121352	define extreme
634306	what does chattel mean on credit history
920825	what was the great leap forward brainly
510633	tattoo fixers how much does it cost
737889	what is decentralization process.
278900	how many cars enter the la jolla concours d' elegance?
674172	what is a bank transit number
303205	how much can i contribute to nondeductible ira
570009	what are the four major groups of elements
492875	sanitizer temperature
54528	blood clots in urine after menopause
203218	highmark address
473204	per sf cost in california for tenant build out
738368	what is delta in2ition
507001	symptoms of an enlarged heart in dogs
466926	number of times congress voted to repeal aca
837327	what is the official color of army rank stripes
406897	is colostrum beneficial for 3 week old calves
1181095	how is a behavioral crisis defined?
224811	how does a firefly light up
730323	what is choice warranty plus
265218	how long is the screening process at uic dental school
918533	what was introduced to the human diet in what year
143302	did animal planet cancel the zoo?
479951	pretty woman what shoes was she wearing at the polo match with the brown polka dot dress
940088	when did north carolina join ifta
422912	is rv antifreeze toxic to dogs
80926	can you use wallapop on your computer
350732	how to clean stained melamine cups
1067511	why does my lateral collateral ligament hurt
906071	what to add to your water to be healthier
628391	what does a carrier 58ctw cost
385906	how to verify tax clearance certificate
428191	is there a generic for ciprodex ear drops
790457	what is reinforced mesh
1067371	why does my car sputter when it rains
242081	how long can i freeze pork
1006418	which cal state schools have football teams
843270	what is the rarest form of iron
551231	what age does pediatrics go up to
166621	does gasoline come from natural gas
490462	routing number hdfc
316859	how much does it cost to screen in a window
45248	average temperature in london in august in celsius
1176220	average temperatures barcelona israel
540340	was lillian wald a nursing theorist
867974	what kind of enzymes produces the streptomyces janthinus?
529604	types of roof lines
439538	lewisville texas is in what county
436798	largest laser cutter in the world
1074527	why use cypress mulch
167374	does hypokalemia cause dysrhythmias
398039	iphone 4s verifying update 9.3.1 how long
389298	human body flexion definition
640699	what does it mean to get a headache when you eat sugar
132366	definition of anthropophobia
280817	how many days are you allowed for overnight stays when you are on washington state medicaid
932727	what's the population of baltimore maryland
197752	guy dying to horse
466858	number of seats in rice eccles stadium
1079617	work study average pay
1013915	which nerve causes me to breathe
381728	how to straighten a tree that is growing slanted?
672091	what is .arf file
560432	what are insoluble polysaccharides
895696	what size pump do i need for a 24 above ground pool
4801	Keena name meaning
122479	define hypersonic
1180498	how long does a letter airmail take
628984	what does a fourth grade concept wall
668701	what helps short term memory loss
797201	what is smog caused by ?
293603	how many pools on norwegian epic
547843	weight watchers tech support number
906893	what to do when you have a burn
456284	most accurate bandwidth test
335970	how old is meteorologist karen rogers
1057322	who were the actresses in cheers?
1168693	us anesthesia partners nevada
641469	what does it mean when your fingernails peel
922753	what was the supreme court ruling in the dred scott case
693178	what is a nuclear fuel pellet
983342	where is gertrude stein picasso
1161518	what does incidence unknown mean
23229	are ketones ever used for energy
874646	what main the function of vacuole
924673	what will happen if I connect a 110v motor to a 220v supply
207697	how are polymers made
445243	maranda name meaning
291569	how many pairs of chromosomes in a human cell
493513	schmidt natural corporate address
506152	symbolism of the bear in native american culture
322801	how much is perez hilton worth
953121	when is the new season of street outlaws
76299	can you chalk paint wicker
881296	what nba rank is westbrook in
41007	average price per unit of electricity
268413	how long to beat assassin's creed freedom cry
293140	how many pictures can you get on a 16gb memory card
1142466	when to start timeouts with toddlers
20627	ardent love definition
803795	what is the abbreviation for senior airman
1146849	what parts of the body does valley fever affect?
2341	CLAREMO POST CODE
49519	becoming a certified tax consultant
1164444	what city is pottawatomie
253815	how long does it take for fafsa to process
814526	what is the definition for unequal
653387	what does the washington monument commemorate
147502	difference between half-life and source
511965	temperature in april for dublin ireland
1038183	who is scheherazade
153998	distance redlands to beaumont
907017	what to do with orchid after blossoms fall?
932677	what's the peloton
502890	starting salary of chiropractor
921906	what was the ottoman empire before it existed
1028807	who invented ncsa mosaic
381849	how to study for exam on the bones
788322	what is pultrusion
511517	temp for cooking pork loin
894688	what sign does gemini get along with
335391	how old is john peter lozinak jr
445408	marijuana for weight loss
350407	how to clean a ring around the toilet bowl
770661	what is medieval times
499241	slap tear in shoulder definition
893501	what shoes do most nba players wear
736625	what is cultured stone
1021478	which trimester do we find out sex of child
874441	what lp&e means
582504	what can waist pain mean
565638	what are some of the compounds that are salts
916119	what units can be used to measure temperature air pressure in precipitation?
873032	what leader created the people's republic of china
728481	what is causing my bruising
630324	what does a snapping turtle look like
74883	can transitional care codes be used for er follow up
963239	when were chinese water wheels invented
573815	what are the stages of a cold sore
685014	what is a gondola
225661	how does buffalo wild wings cook their wings
895823	what size syringe for insulin
185244	fastest animal running in the world
936625	when can you change to a booster seat
997228	where is the port orleans resort compared to port orleans french quarter resort at disney
277407	how many calories in cucumber salad with vinegar
148099	difference between nucleophile and electrophile
505542	suprascapular nerve pain symptoms
664304	what gpa is needed to get into cortland
1182320	hither definition
123192	define larynx
435183	labor cost to install tile shower
712483	what is an associate aia
86112	causes of dry sockets
733144	what is coniferous trees
261590	how long fry pork chop
22774	are gsa schedule rates fair and reasonable
777157	what is non immigrant visa issued mean
34189	average cost of overnight stay in hospital
964168	when will the jeep truck be available
582382	what can syphilis cause
255020	how long does it take marijuana seeds to germinate
953091	when is the new apple ipad available
20660	are Lumbee indians aboriginals
297928	how many teeth does the average person lose
625752	what do u understand by SI units
1155605	what is difference between heat pump and hvac
1051009	who sings fly me to the moon in the commercial
525578	turkish rugs cost
170212	does pettit rustlok need to be shaken
506060	symantec messaging gateway the selected backup is too large to be downloaded
29939	autism spectrum disorder definition
616315	what date is giant panda day in china?
417463	is mase illegal in illinois
498993	skill marketing definition
269619	how long to cook chicken strips in oven
769753	what is meant by crib death?
24876	are shareholder loan repayments taxable
809567	what is the box ticking
213262	how did dr. myles munroe die
553929	what ansi code do i use for denial of absence of medicare
808481	what is the best protein powder for smoothies
651465	what does the name hesper mean
6621	Vessels that carry blood away from the heart are
709444	what is algebraic geometry
1163908	cardiorespiratory symptoms
565362	what are some example of quasi experiment
822547	what is the function of male reproductive system
654824	what does virology study
130707	definition extradition
1180992	how is property divided in a common law situation
556836	what are common feeds for beef cattle
1171464	procurement fee meaning
1076812	why your voice is female?
576432	what are two types of continental margins?
301575	how marijuana is used?
729957	what is chicken afritada
797235	what is sms inc.?
391836	if t stat is less than t crit equal variance
222947	how do you loop a song on spotify
880877	what nationality is surname gan
563464	what are popular rental companies in san antonio area
779384	what is one example of showing someone humility
332534	how often should you really change your oil on a chrysler van
207065	how alkalize your body
57187	burger king serves lunch hours
755748	what is hotel transylvania rated
940558	when did rogue one open
43842	average senior account sales salary
1177874	how much a sourcing specialist/buyer makes?
204451	home remedies cleaning
1059094	who wrote the protestant ethic and the spirit of capitalism?
941961	when did the movie our little sister come out
186192	feistiness definition
3345	Honeysuckle name meaning
421028	is pippa middleton older than kate
282141	how many devices can i watch britbox
69522	can i request prior years tax returns from the irs
981623	where is dr. pol located
923493	what websites do kids do projects on
532671	university of phoenix american psychology association accreditation
346467	how to build trust in schools
1183306	appraisal meaning in hindi
216287	how do I transfer my data from Iphone 4s to iphone 5 using a thumb drive
158239	do parents go to their kids college orientation
61334	calories snack pudding
53141	biggest holder of us debt
636979	what does epidemiologists do
70137	can i use worn clothes to clean counter
848927	what is the structure of germany government
291873	how many people are in us
196786	great and mighty is he lyrics
1007813	which county is black station, ca
1068539	why doesnt my blackberry connect with pc
722902	what is bedding setting for dryer
1144750	what vitamins if your hair is falling out
198365	handwriting ocr for windows
89422	cedar tree root rot symptoms
69532	can i retrieve word documents remotely
249763	how long does a meal impact blood cholesterol levels
524030	translation of absolute value function
870185	what kind of program is winbox
453442	microbiology what is bse quizlet
341485	how tall is the oroville dam in feet
701267	what is a standard association
36435	average fee to put an animal to sleep?
380520	how to solve one sided limits
358999	how to find places for rent in your area
39302	average nascar lap
533753	us federal defender
250749	how long does an mri last
200879	hellcat dodge challenger retail price
1137404	who was lillie johnson
1006132	which bodily system regulates internal body temp, mental processes, thoughts
19914	api documentation template google
102449	cost of an ecommerce website for a small business
186379	feng shui house number
666984	what happens when a photon strikes rhodopsin?
568574	what are the credentials cphims
402329	is amortization an asset or liability
614217	what county is waldwick in
1166967	what are ajanta caves
253385	how long does it take for alergins to leave the body
655747	what dose of bactrim for uti adult
149789	different hemoglobin levels
615492	what creek is by lied lodge
398412	iron maiden janick
483395	provogue aviator price
664964	what happened during the missouri compromise
445409	marijuana how it's used
539156	walt disney world express pass cost
1177408	how much does chief sweeney make a year in boston
111707	could fdr be considered the first italian american president
483810	public trustee of british columbia vs macht
940596	when did roy orbison performed at the coconut grove
345337	how to become a qualified carer
717192	what is an rf modulator used for
133663	definition of courtly love
1156654	what is another name for niacin deficiency
649044	what does tawil mean on jewelry
848702	what is the story behind the girl that got burned on america's got talent
636496	what does each chromosome signify
564661	what are semitic peoples
795480	what is sg&a
225058	how does a provost relate to leadership
611897	what county is richland mi
64798	can bananas make you sick
571903	what are the names of preventer inhalers
1149718	what is the population of austin?
107251	cost of sri lanka tourist visa
413197	is iodine in spinach
243209	how long can you keep open tomato sauce
630442	what does a strong iki result indicate
1028637	who invented cha cha cha
605573	what county is elk river, mn
122753	define inheritance biology
874746	what major role did galileo play in the scientific revolution
1139457	which spacecraft deployed the chandra x-ray observatory
302318	how much are roosevelt dimes worth
950281	when is fathers day
632287	what does api stand for in software
598706	what color toe nail polish should i wear as mother of the bride for a late summer outdoor wedding
453751	milbury house bradford peverell telephone
1036226	who is momentum toyota/scion finance from
826555	what is the job of a person who studies.apes
875302	what makes ascending aortic aneurysms grow
387286	how violence has affected teenagers
465974	norwegian air what is included low fare
639414	what does imagery do in a play
636366	what does dry hump mean
467969	oe manufacturer definition
644027	what does nasdaq track
826686	what is the kawasaki disease genetic
723484	what is best for blocked bathroom sink
377748	how to reverse an uber charge
686417	what is a hcv test
701343	what is a star smog check
91415	cherokee iowa is what county
363813	how to grow strawberry plants from seeds
410227	is fish mox safe for cats
306757	how much do people usually pay for pelvic exam and pap smear
299715	how many weeks are there in a pregnancy
267798	how long take to sell on ebay 2015
205385	hormones are chemicals that are secreted and go directly into
946332	when does disney cruise usually release 30% off dvc member cruise
25409	are the lumbar vertebrae in the thorax
305636	how much do fingerprint readers typically cost?
203070	highest temp in prescott az
319885	how much for ira contribution
896601	what sound does the electric guitar make
681586	what is a distinguishable characteristic
1153652	what is nitroglycerin treat
699113	what is a scientist called who studies insects
381090	how to start drawing money from your Roth IRA
1169480	the pigment chlorophyll is used in this process
301370	how many years to become a pediatrician
500419	sommelier definition
593680	what causes yellow diarrhea in adults
477684	population of greenville county, sc
205250	hop tropic
1042371	who is titus whitey?
510223	tabloid page size
669921	what hybrid parking
978970	where is burbank illinois?
205113	honey for bug bites
651528	what does the name jasmin mean
876041	what makes work committees fail
944554	when do robin eggs hatch
1171161	requirements prior to deploying wsus
612267	what county is sales city, ga?
40105	average pay of ups package car driver starting
9024	____________ is the temporary withdrawal of a person's license or driving privileges
740778	what is domain caching
918224	what was dr seuss s first book to get rejected
960593	when was the desktop computer invented
1155108	what is footnotes apa
398840	irs publication hsa qualified expenses
1149663	what is the primary advantage of operating interdependent subsidiaries
50919	benefits of juice cleansing
929341	what zone is covent garden
1166393	what are reduced fare metrocards
264042	how long is manure good for gardens
898519	what states is medical marijuana legal in
328381	how much tax is from 77.98
576982	what are werewolf mates
749265	what is fructose corn syrup
467130	number two rolling stone greatest albums
824416	what is the health benefit of turnip greens
1137205	definition of photoelectric converters
573572	what are the signs of a broken finger
1181109	a/n _____________ is awarded by a college or university after a prescribed course of study that usually lasts four or more years. *
750006	what is gary keller's net worth
997040	where is the outlook button button?
259058	how long does one day on uranus take
249709	how long does a lion eat
170450	does power of attorney have a say in medical
857083	what is tramadol for
40436	average pressure washing cost
1054311	who was in the limo when jfk was shot
1174504	ketorolac (toradol) side effects
516912	the major metabolic function for most vitamins is that they assist enzymes
1078434	windsor movie cast
1069238	why is a skate nose clear
502744	starter remove on a polaris 400 sportsman
379862	how to setup a google email account on outlook 2010
310900	how much does a physician assistant
1185529	why fudge is grainy
682692	what is a example of a balance science
1072589	why is the painting above considered a hallmark of 16th century painting
254103	how long does it take for lipo surgery
366641	how to learn proper yoga
1043711	who make the land rover
48934	base pair definition
968028	where can we buy ebay gift cards
396139	inhibitor definition biology
1138665	who is drarry on glee
1150737	what is the highest level of six sigma
1011987	which is the command key on computer
575438	what are the units of gauss
437662	largest woodpecker in the world
68636	can i combine two 15 amp circuits
173800	does visio require office
191277	founders fcu routing number
854557	what is the world record for fastest motorcycle
463148	negatives of colonialism in africa
701046	what is a split system hvac unit
483716	psychotherapy fees average
138121	definition of sex linked disease
134735	definition of flat
296437	how many square in acre
474484	phone number amazon customer service usa
647249	what does rotator cuff insufficiency mean
243870	how long did it take to paint the mona lisa
1041187	who is the oldest elected us president by age
147610	difference between income and salary
333415	how old do you have to be to buy a plan b
371012	how to mount post in adjustable bracket
298707	how many total languages spoken in india
363782	how to grow peonies from seed pods
761120	what is it called when a car can drive in water?
441936	long distance rifle shot record
969792	where did the phrase blue moon originate
416551	is listserv an outdated termn
120533	define dominance
498274	similarities between developing and developed countries
477080	population hobart
964919	where are american express airport lounges
680868	what is a dental procedure
996515	where is the magistrates office in asheville
255792	how long does it take to build muscle?
119793	define cumbersome data
1164782	what causes fluid in the ears?
176585	duration of delayed cord clamping
562579	what are of the world is turkey
336157	how old is patrick stump
429142	is there going to be a dolphin tale 3
680078	what is a cultural crossroad
872145	what language do they speak in italy
81122	can you write a check to clear the next deposit day?
886954	what piece of legislation stated that states had the right to judge whether federal laws agreed with the constitution?
1005800	which bacteria cause ear infections in dogs
441882	london living cost stockholm
842844	what is the purpose of the neutral wire
279359	how many children does george jones have
1179250	how many cities is deloitte in
532900	unwind define
227408	how does restorative justice process help the victim
1044368	who makes the escalade
314200	how much does interest go up when the fed raises the rate
129951	defining an array in a struct
766960	what is louvre
477932	population of merrillville indiana
731159	what is cleanliness testing
16151	amara name meaning
547803	weight watchers jean nitich
255662	how long does it take to become an embryologist
101053	cost for fairfield university
260331	how long does vicodin time release stay in system
271662	how long to overcome alcohol withdrawal
757045	what is ice water temperature
871410	what kind of yeast to use for making wine
855294	what is the zip code of brookings south dakota
872911	what laws has the trump administration broken
929493	what's a bot fly
432561	iwhat is a scallion
910317	what type of archetypal hero is luke skywalker
389707	hybrid poplar lifespan
279791	how many color episodes of tales of wells fargo
1159803	cfisd payroll specialist salary
443885	lymphoma causes in dogs inherited
246382	how long do pics pizzas go in the oven for
514789	the colonial leader who represents a monarch is called a __________.
751758	what is goldschlager
137806	definition of restitution
12527	after exposure how long to get a virus
207093	how an elementary principal develops the schedule
641627	what does it means ono
473334	percentage of communication that is nonverbal
1159466	what food will help improve thyroid function
557616	what are desert diamonds
967395	where can be affected by copd in canada
546938	webex account pricing
147712	difference between keratinized tissue and mucosa
619849	what did the ancient greeks wear
699713	what is a shelf bra camisole
644536	what does oaa services mean
404694	is bppv curable
258301	how long does it take to transmit 1 megabyte of data
622955	what do exacerbate mean
720362	what is associate of individualized degree
1066982	why does gas oven doesn't ignite
171566	does southwest fly to orlando melbourne international airport
662001	what foods to eat on candida diet
403561	is august winter
242943	how long can you have a disability check
492522	salt lake average monthly precipitation
585437	what causes are theof uti in men std
184945	famous artist who painted clowns
603004	what county is belle plaine ks
